t_min,mode,illumination,rail_mw,battery_v_loaded,soc_percent,charge_mw
0.0,sunlight_active,1.0,33.165,3.7795,60.0046,1653.0
1.0,sunlight_active,1.0,33.165,3.7812,60.2782,1653.0
2.0,sunlight_active,1.0,33.165,3.7828,60.5517,1653.0
3.0,sunlight_active,1.0,33.165,3.7844,60.8251,1653.0
4.0,sunlight_active,1.0,33.165,3.7861,61.0984,1653.0
5.0,sunlight_active,1.0,33.165,3.7877,61.3716,1653.0
6.0,sunlight_active,1.0,33.165,3.7894,61.6446,1653.0
7.0,sunlight_active,1.0,33.165,3.791,61.9176,1653.0
8.0,sunlight_active,1.0,33.165,3.7926,62.1904,1653.0
9.0,sunlight_active,1.0,33.165,3.7943,62.4631,1653.0
10.0,sunlight_active,1.0,33.165,3.7959,62.7357,1653.0
11.0,sunlight_active,1.0,33.165,3.7975,63.0081,1653.0
12.0,sunlight_active,1.0,33.165,3.7992,63.2805,1653.0
13.0,sunlight_active,1.0,33.165,3.8008,63.5527,1653.0
14.0,sunlight_active,1.0,33.165,3.8024,63.8248,1653.0
15.0,sunlight_active,1.0,33.165,3.8041,64.0968,1653.0
16.0,sunlight_active,1.0,33.165,3.8057,64.3687,1653.0
17.0,sunlight_active,1.0,33.165,3.8073,64.6405,1653.0
18.0,sunlight_active,1.0,33.165,3.809,64.9121,1653.0
19.0,sunlight_active,1.0,33.165,3.8106,65.1836,1653.0
20.0,sunlight_active,1.0,33.165,3.8122,65.4551,1653.0
21.0,sunlight_active,1.0,33.165,3.8138,65.7264,1653.0
22.0,sunlight_active,1.0,33.165,3.8155,65.9975,1653.0
23.0,sunlight_active,1.0,33.165,3.8171,66.2686,1653.0
24.0,sunlight_active,1.0,33.165,3.8187,66.5396,1653.0
25.0,sunlight_active,1.0,33.165,3.8204,66.8104,1653.0
26.0,sunlight_active,1.0,33.165,3.822,67.0811,1653.0
27.0,sunlight_active,1.0,33.165,3.8236,67.3517,1653.0
28.0,sunlight_active,1.0,33.165,3.8252,67.6222,1653.0
29.0,sunlight_active,1.0,33.165,3.8268,67.8926,1653.0
30.0,sunlight_active,1.0,33.165,3.8285,68.1629,1653.0
31.0,sunlight_active,1.0,33.165,3.8301,68.433,1653.0
32.0,sunlight_active,1.0,33.165,3.8317,68.703,1653.0
33.0,sunlight_active,1.0,33.165,3.8333,68.973,1653.0
34.0,sunlight_active,1.0,33.165,3.8349,69.2428,1653.0
35.0,sunlight_active,1.0,33.165,3.8366,69.5124,1653.0
36.0,sunlight_active,1.0,33.165,3.8382,69.782,1653.0
37.0,sunlight_active,1.0,33.165,3.8399,70.0515,1653.0
38.0,sunlight_active,1.0,33.165,3.8417,70.3208,1653.0
39.0,sunlight_active,1.0,33.165,3.8436,70.59,1653.0
40.0,sunlight_active,1.0,33.165,3.8455,70.8591,1653.0
41.0,sunlight_active,1.0,33.165,3.8474,71.128,1653.0
42.0,sunlight_active,1.0,33.165,3.8493,71.3969,1653.0
43.0,sunlight_active,1.0,33.165,3.8512,71.6655,1653.0
44.0,sunlight_active,1.0,33.165,3.853,71.9341,1653.0
45.0,sunlight_active,1.0,33.165,3.8549,72.2025,1653.0
46.0,sunlight_active,1.0,33.165,3.8568,72.4708,1653.0
47.0,sunlight_active,1.0,33.165,3.8587,72.7389,1653.0
48.0,sunlight_active,1.0,33.165,3.8605,73.007,1653.0
49.0,sunlight_active,1.0,33.165,3.8624,73.2749,1653.0
50.0,sunlight_active,1.0,33.165,3.8643,73.5426,1653.0
51.0,sunlight_active,1.0,33.165,3.8662,73.8103,1653.0
52.0,sunlight_active,1.0,33.165,3.868,74.0778,1653.0
53.0,sunlight_active,1.0,33.165,3.8699,74.3452,1653.0
54.0,sunlight_active,1.0,33.165,3.8718,74.6124,1653.0
55.0,sunlight_active,1.0,33.165,3.8737,74.8795,1653.0
56.0,sunlight_active,1.0,33.165,3.8755,75.1465,1653.0
57.0,eclipse_low,0.0,2.458,3.8778,75.4089,0.0
58.0,eclipse_low,0.0,2.458,3.8778,75.4084,0.0
59.0,eclipse_low,0.0,2.458,3.8778,75.408,0.0
60.0,eclipse_low,0.0,2.458,3.8778,75.4075,0.0
61.0,eclipse_low,0.0,2.458,3.8778,75.407,0.0
62.0,eclipse_low,0.0,2.458,3.8778,75.4065,0.0
63.0,eclipse_low,0.0,2.458,3.8778,75.406,0.0
64.0,eclipse_low,0.0,2.458,3.8778,75.4056,0.0
65.0,eclipse_low,0.0,2.458,3.8778,75.4051,0.0
66.0,eclipse_low,0.0,2.458,3.8778,75.4046,0.0
67.0,eclipse_low,0.0,2.458,3.8778,75.4041,0.0
68.0,eclipse_low,0.0,2.458,3.8778,75.4037,0.0
69.0,eclipse_low,0.0,2.458,3.8778,75.4032,0.0
70.0,eclipse_low,0.0,2.458,3.8778,75.4027,0.0
71.0,eclipse_low,0.0,2.458,3.8778,75.4022,0.0
72.0,eclipse_low,0.0,2.458,3.8778,75.4017,0.0
73.0,eclipse_low,0.0,2.458,3.8778,75.4013,0.0
74.0,eclipse_low,0.0,2.458,3.8778,75.4008,0.0
75.0,eclipse_low,0.0,2.458,3.8778,75.4003,0.0
76.0,eclipse_low,0.0,2.458,3.8778,75.3998,0.0
77.0,eclipse_low,0.0,2.458,3.8778,75.3994,0.0
78.0,eclipse_low,0.0,2.458,3.8778,75.3989,0.0
79.0,eclipse_low,0.0,2.458,3.8778,75.3984,0.0
80.0,eclipse_low,0.0,2.458,3.8777,75.3979,0.0
81.0,eclipse_low,0.0,2.458,3.8777,75.3974,0.0
82.0,eclipse_low,0.0,2.458,3.8777,75.397,0.0
83.0,eclipse_low,0.0,2.458,3.8777,75.3965,0.0
84.0,eclipse_low,0.0,2.458,3.8777,75.396,0.0
85.0,eclipse_low,0.0,2.458,3.8777,75.3955,0.0
86.0,eclipse_low,0.0,2.458,3.8777,75.395,0.0
87.0,eclipse_low,0.0,2.458,3.8777,75.3946,0.0
88.0,eclipse_low,0.0,2.458,3.8777,75.3941,0.0
89.0,eclipse_low,0.0,2.458,3.8777,75.3936,0.0
90.0,eclipse_low,0.0,2.458,3.8777,75.3931,0.0
91.0,eclipse_low,0.0,2.458,3.8777,75.3927,0.0
92.0,eclipse_low,0.0,2.458,3.8777,75.3922,0.0
93.0,eclipse_low,0.0,2.458,3.8777,75.3917,0.0
94.0,eclipse_low,0.0,2.458,3.8777,75.3912,0.0
95.0,sunlight_active,1.0,33.165,3.8773,75.3952,1653.0
96.0,sunlight_active,1.0,33.165,3.8791,75.6619,1653.0
97.0,sunlight_active,1.0,33.165,3.881,75.9286,1653.0
98.0,sunlight_active,1.0,33.165,3.8829,76.195,1653.0
99.0,sunlight_active,1.0,33.165,3.8847,76.4614,1653.0
100.0,sunlight_active,1.0,33.165,3.8866,76.7276,1653.0
101.0,sunlight_active,1.0,33.165,3.8885,76.9937,1653.0
102.0,sunlight_active,1.0,33.165,3.8903,77.2597,1653.0
103.0,sunlight_active,1.0,33.165,3.8922,77.5255,1653.0
104.0,sunlight_active,1.0,33.165,3.894,77.7913,1653.0
105.0,sunlight_active,1.0,33.165,3.8959,78.0569,1653.0
106.0,sunlight_active,1.0,33.165,3.8978,78.3223,1653.0
107.0,sunlight_active,1.0,33.165,3.8996,78.5877,1653.0
108.0,sunlight_active,1.0,33.165,3.9015,78.8529,1653.0
109.0,sunlight_active,1.0,33.165,3.9033,79.118,1653.0
110.0,sunlight_active,1.0,33.165,3.9052,79.3829,1653.0
111.0,sunlight_active,1.0,33.165,3.907,79.6478,1653.0
112.0,sunlight_active,1.0,33.165,3.9089,79.9125,1653.0
113.0,sunlight_active,1.0,33.165,3.9114,80.177,1653.0
114.0,sunlight_active,1.0,33.165,3.9144,80.4414,1653.0
115.0,sunlight_active,1.0,33.165,3.9173,80.7056,1653.0
116.0,sunlight_active,1.0,33.165,3.9202,80.9696,1653.0
117.0,sunlight_active,1.0,33.165,3.9231,81.2334,1653.0
118.0,sunlight_active,1.0,33.165,3.926,81.497,1653.0
119.0,sunlight_active,1.0,33.165,3.9289,81.7604,1653.0
120.0,sunlight_active,1.0,33.165,3.9318,82.0236,1653.0
121.0,sunlight_active,1.0,33.165,3.9347,82.2866,1653.0
122.0,sunlight_active,1.0,33.165,3.9375,82.5494,1653.0
123.0,sunlight_active,1.0,33.165,3.9404,82.812,1653.0
124.0,sunlight_active,1.0,33.165,3.9433,83.0745,1653.0
125.0,sunlight_active,1.0,33.165,3.9462,83.3367,1653.0
126.0,sunlight_active,1.0,33.165,3.9491,83.5987,1653.0
127.0,sunlight_active,1.0,33.165,3.952,83.8606,1653.0
128.0,sunlight_active,1.0,33.165,3.9549,84.1223,1653.0
129.0,sunlight_active,1.0,33.165,3.9577,84.3837,1653.0
130.0,sunlight_active,1.0,33.165,3.9606,84.645,1653.0
131.0,sunlight_active,1.0,33.165,3.9635,84.9061,1653.0
132.0,sunlight_active,1.0,33.165,3.9663,85.167,1653.0
133.0,sunlight_active,1.0,33.165,3.9692,85.4278,1653.0
134.0,sunlight_active,1.0,33.165,3.9721,85.6883,1653.0
135.0,sunlight_active,1.0,33.165,3.9749,85.9486,1653.0
136.0,sunlight_active,1.0,33.165,3.9778,86.2088,1653.0
137.0,sunlight_active,1.0,33.165,3.9807,86.4688,1653.0
138.0,sunlight_active,1.0,33.165,3.9835,86.7286,1653.0
139.0,sunlight_active,1.0,33.165,3.9864,86.9882,1653.0
140.0,sunlight_active,1.0,33.165,3.9892,87.2476,1653.0
141.0,sunlight_active,1.0,33.165,3.9921,87.5068,1653.0
142.0,sunlight_active,1.0,33.165,3.9949,87.7658,1653.0
143.0,sunlight_active,1.0,33.165,3.9978,88.0247,1653.0
144.0,sunlight_active,1.0,33.165,4.0006,88.2834,1653.0
145.0,sunlight_active,1.0,33.165,4.0035,88.5418,1653.0
146.0,sunlight_active,1.0,33.165,4.0063,88.8002,1653.0
147.0,sunlight_active,1.0,33.165,4.0092,89.0583,1653.0
148.0,sunlight_active,1.0,33.165,4.012,89.3162,1653.0
149.0,sunlight_active,1.0,33.165,4.0148,89.574,1653.0
150.0,sunlight_active,1.0,33.165,4.0177,89.8315,1653.0
151.0,sunlight_active,1.0,33.165,4.0211,90.0889,1653.0
152.0,eclipse_low,0.0,2.458,4.0261,90.3418,0.0
153.0,eclipse_low,0.0,2.458,4.0261,90.3413,0.0
154.0,eclipse_low,0.0,2.458,4.0261,90.3408,0.0
155.0,eclipse_low,0.0,2.458,4.0261,90.3404,0.0
156.0,eclipse_low,0.0,2.458,4.0261,90.3399,0.0
157.0,eclipse_low,0.0,2.458,4.0261,90.3395,0.0
158.0,eclipse_low,0.0,2.458,4.0261,90.339,0.0
159.0,eclipse_low,0.0,2.458,4.0261,90.3385,0.0
160.0,eclipse_low,0.0,2.458,4.026,90.3381,0.0
161.0,eclipse_low,0.0,2.458,4.026,90.3376,0.0
162.0,eclipse_low,0.0,2.458,4.026,90.3372,0.0
163.0,eclipse_low,0.0,2.458,4.026,90.3367,0.0
164.0,eclipse_low,0.0,2.458,4.026,90.3362,0.0
165.0,eclipse_low,0.0,2.458,4.026,90.3358,0.0
166.0,eclipse_low,0.0,2.458,4.026,90.3353,0.0
167.0,eclipse_low,0.0,2.458,4.026,90.3349,0.0
168.0,eclipse_low,0.0,2.458,4.026,90.3344,0.0
169.0,eclipse_low,0.0,2.458,4.026,90.3339,0.0
170.0,eclipse_low,0.0,2.458,4.026,90.3335,0.0
171.0,eclipse_low,0.0,2.458,4.026,90.333,0.0
172.0,eclipse_low,0.0,2.458,4.0259,90.3325,0.0
173.0,eclipse_low,0.0,2.458,4.0259,90.3321,0.0
174.0,eclipse_low,0.0,2.458,4.0259,90.3316,0.0
175.0,eclipse_low,0.0,2.458,4.0259,90.3312,0.0
176.0,eclipse_low,0.0,2.458,4.0259,90.3307,0.0
177.0,eclipse_low,0.0,2.458,4.0259,90.3302,0.0
178.0,eclipse_low,0.0,2.458,4.0259,90.3298,0.0
179.0,eclipse_low,0.0,2.458,4.0259,90.3293,0.0
180.0,eclipse_low,0.0,2.458,4.0259,90.3289,0.0
181.0,eclipse_low,0.0,2.458,4.0259,90.3284,0.0
182.0,eclipse_low,0.0,2.458,4.0259,90.3279,0.0
183.0,eclipse_low,0.0,2.458,4.0259,90.3275,0.0
184.0,eclipse_low,0.0,2.458,4.0259,90.327,0.0
185.0,eclipse_low,0.0,2.458,4.0258,90.3266,0.0
186.0,eclipse_low,0.0,2.458,4.0258,90.3261,0.0
187.0,eclipse_low,0.0,2.458,4.0258,90.3256,0.0
188.0,eclipse_low,0.0,2.458,4.0258,90.3252,0.0
189.0,eclipse_low,0.0,2.458,4.0258,90.3247,0.0
190.0,sunlight_active,1.0,33.165,4.0254,90.3285,1653.0
191.0,sunlight_active,1.0,33.165,4.0301,90.5854,1653.0
192.0,sunlight_active,1.0,33.165,4.0347,90.8419,1653.0
193.0,sunlight_active,1.0,33.165,4.0393,91.0982,1653.0
194.0,sunlight_active,1.0,33.165,4.0439,91.3542,1653.0
195.0,sunlight_active,1.0,33.165,4.0485,91.6098,1653.0
196.0,sunlight_active,1.0,33.165,4.0531,91.8652,1653.0
197.0,sunlight_active,1.0,33.165,4.0577,92.1203,1653.0
198.0,sunlight_active,1.0,33.165,4.0623,92.3751,1653.0
199.0,sunlight_active,1.0,33.165,4.0669,92.6296,1653.0
200.0,sunlight_active,1.0,33.165,4.0714,92.8838,1653.0
201.0,sunlight_active,1.0,33.165,4.076,93.1378,1653.0
202.0,sunlight_active,1.0,33.165,4.0806,93.3914,1653.0
203.0,sunlight_active,1.0,33.165,4.0851,93.6448,1653.0
204.0,sunlight_active,1.0,33.165,4.0897,93.8979,1653.0
205.0,sunlight_active,1.0,33.165,4.0942,94.1507,1653.0
206.0,sunlight_active,1.0,33.165,4.0988,94.4033,1653.0
207.0,sunlight_active,1.0,33.165,4.1033,94.6555,1653.0
208.0,sunlight_active,1.0,33.165,4.1079,94.9075,1653.0
209.0,sunlight_active,1.0,33.165,4.1124,95.1592,1653.0
210.0,sunlight_active,1.0,33.165,4.1169,95.4106,1653.0
211.0,sunlight_active,1.0,33.165,4.1214,95.6617,1653.0
212.0,sunlight_active,1.0,33.165,4.126,95.9126,1653.0
213.0,sunlight_active,1.0,33.165,4.1305,96.1632,1653.0
214.0,sunlight_active,1.0,33.165,4.135,96.4135,1653.0
215.0,sunlight_active,1.0,33.165,4.1395,96.6635,1653.0
216.0,sunlight_active,1.0,33.165,4.144,96.9133,1653.0
217.0,sunlight_active,1.0,33.165,4.1485,97.1628,1653.0
218.0,sunlight_active,1.0,33.165,4.1529,97.4121,1653.0
219.0,sunlight_active,1.0,33.165,4.1574,97.661,1653.0
220.0,sunlight_active,1.0,33.165,4.1619,97.9097,1653.0
221.0,sunlight_active,1.0,33.165,4.1664,98.1582,1653.0
222.0,sunlight_active,1.0,33.165,4.1708,98.4063,1653.0
223.0,sunlight_active,1.0,33.165,4.1753,98.6542,1653.0
224.0,sunlight_active,1.0,33.165,4.1798,98.9018,1653.0
225.0,sunlight_active,1.0,33.165,4.1842,99.1492,1653.0
226.0,sunlight_active,1.0,33.165,4.1887,99.3963,1653.0
227.0,sunlight_active,1.0,33.165,4.1931,99.6432,1653.0
228.0,sunlight_active,1.0,33.165,4.1976,99.8897,1653.0
229.0,sunlight_active,1.0,33.165,4.1995,100.0,39.0
230.0,sunlight_active,1.0,33.165,4.1995,100.0,39.0
231.0,sunlight_active,1.0,33.165,4.1995,100.0,39.0
232.0,sunlight_active,1.0,33.165,4.1995,100.0,39.0
233.0,sunlight_active,1.0,33.165,4.1995,100.0,39.0
234.0,sunlight_active,1.0,33.165,4.1995,100.0,39.0
235.0,sunlight_active,1.0,33.165,4.1995,100.0,39.0
236.0,sunlight_active,1.0,33.165,4.1995,100.0,39.0
237.0,sunlight_active,1.0,33.165,4.1995,100.0,39.0
238.0,sunlight_active,1.0,33.165,4.1995,100.0,39.0
239.0,sunlight_active,1.0,33.165,4.1995,100.0,39.0
240.0,sunlight_active,1.0,33.165,4.1995,100.0,39.0
241.0,sunlight_active,1.0,33.165,4.1995,100.0,39.0
242.0,sunlight_active,1.0,33.165,4.1995,100.0,39.0
243.0,sunlight_active,1.0,33.165,4.1995,100.0,39.0
244.0,sunlight_active,1.0,33.165,4.1995,100.0,39.0
245.0,sunlight_active,1.0,33.165,4.1995,100.0,39.0
246.0,sunlight_active,1.0,33.165,4.1995,100.0,39.0
247.0,eclipse_low,0.0,2.458,4.2,100.0,0.0
248.0,eclipse_low,0.0,2.458,4.2,99.9996,0.0
249.0,eclipse_low,0.0,2.458,4.1999,99.9991,0.0
250.0,eclipse_low,0.0,2.458,4.1999,99.9987,0.0
251.0,eclipse_low,0.0,2.458,4.1999,99.9982,0.0
252.0,eclipse_low,0.0,2.458,4.1999,99.9978,0.0
253.0,eclipse_low,0.0,2.458,4.1999,99.9973,0.0
254.0,eclipse_low,0.0,2.458,4.1999,99.9969,0.0
255.0,eclipse_low,0.0,2.458,4.1999,99.9965,0.0
256.0,eclipse_low,0.0,2.458,4.1999,99.996,0.0
257.0,eclipse_low,0.0,2.458,4.1999,99.9956,0.0
258.0,eclipse_low,0.0,2.458,4.1999,99.9951,0.0
259.0,eclipse_low,0.0,2.458,4.1999,99.9947,0.0
260.0,eclipse_low,0.0,2.458,4.1999,99.9943,0.0
261.0,eclipse_low,0.0,2.458,4.1999,99.9938,0.0
262.0,eclipse_low,0.0,2.458,4.1998,99.9934,0.0
263.0,eclipse_low,0.0,2.458,4.1998,99.9929,0.0
264.0,eclipse_low,0.0,2.458,4.1998,99.9925,0.0
265.0,eclipse_low,0.0,2.458,4.1998,99.992,0.0
266.0,eclipse_low,0.0,2.458,4.1998,99.9916,0.0
267.0,eclipse_low,0.0,2.458,4.1998,99.9912,0.0
268.0,eclipse_low,0.0,2.458,4.1998,99.9907,0.0
269.0,eclipse_low,0.0,2.458,4.1998,99.9903,0.0
270.0,eclipse_low,0.0,2.458,4.1998,99.9898,0.0
271.0,eclipse_low,0.0,2.458,4.1998,99.9894,0.0
272.0,eclipse_low,0.0,2.458,4.1998,99.989,0.0
273.0,eclipse_low,0.0,2.458,4.1998,99.9885,0.0
274.0,eclipse_low,0.0,2.458,4.1998,99.9881,0.0
275.0,eclipse_low,0.0,2.458,4.1997,99.9876,0.0
276.0,eclipse_low,0.0,2.458,4.1997,99.9872,0.0
277.0,eclipse_low,0.0,2.458,4.1997,99.9867,0.0
278.0,eclipse_low,0.0,2.458,4.1997,99.9863,0.0
279.0,eclipse_low,0.0,2.458,4.1997,99.9859,0.0
280.0,eclipse_low,0.0,2.458,4.1997,99.9854,0.0
281.0,eclipse_low,0.0,2.458,4.1997,99.985,0.0
282.0,eclipse_low,0.0,2.458,4.1997,99.9845,0.0
283.0,eclipse_low,0.0,2.458,4.1997,99.9841,0.0
284.0,eclipse_low,0.0,2.458,4.1997,99.9837,0.0
285.0,sunlight_active,1.0,33.165,4.1993,99.9873,1653.0
286.0,sunlight_active,1.0,33.165,4.1995,100.0,39.0
287.0,sunlight_active,1.0,33.165,4.1995,100.0,39.0
288.0,sunlight_active,1.0,33.165,4.1995,100.0,39.0
289.0,sunlight_active,1.0,33.165,4.1995,100.0,39.0
290.0,sunlight_active,1.0,33.165,4.1995,100.0,39.0
291.0,sunlight_active,1.0,33.165,4.1995,100.0,39.0
292.0,sunlight_active,1.0,33.165,4.1995,100.0,39.0
293.0,sunlight_active,1.0,33.165,4.1995,100.0,39.0
294.0,sunlight_active,1.0,33.165,4.1995,100.0,39.0
295.0,sunlight_active,1.0,33.165,4.1995,100.0,39.0
296.0,sunlight_active,1.0,33.165,4.1995,100.0,39.0
297.0,sunlight_active,1.0,33.165,4.1995,100.0,39.0
298.0,sunlight_active,1.0,33.165,4.1995,100.0,39.0
299.0,sunlight_active,1.0,33.165,4.1995,100.0,39.0
300.0,sunlight_active,1.0,33.165,4.1995,100.0,39.0
301.0,sunlight_active,1.0,33.165,4.1995,100.0,39.0
302.0,sunlight_active,1.0,33.165,4.1995,100.0,39.0
303.0,sunlight_active,1.0,33.165,4.1995,100.0,39.0
304.0,sunlight_active,1.0,33.165,4.1995,100.0,39.0
305.0,sunlight_active,1.0,33.165,4.1995,100.0,39.0
306.0,sunlight_active,1.0,33.165,4.1995,100.0,39.0
307.0,sunlight_active,1.0,33.165,4.1995,100.0,39.0
308.0,sunlight_active,1.0,33.165,4.1995,100.0,39.0
309.0,sunlight_active,1.0,33.165,4.1995,100.0,39.0
310.0,sunlight_active,1.0,33.165,4.1995,100.0,39.0
311.0,sunlight_active,1.0,33.165,4.1995,100.0,39.0
312.0,sunlight_active,1.0,33.165,4.1995,100.0,39.0
313.0,sunlight_active,1.0,33.165,4.1995,100.0,39.0
314.0,sunlight_active,1.0,33.165,4.1995,100.0,39.0
315.0,sunlight_active,1.0,33.165,4.1995,100.0,39.0
316.0,sunlight_active,1.0,33.165,4.1995,100.0,39.0
317.0,sunlight_active,1.0,33.165,4.1995,100.0,39.0
318.0,sunlight_active,1.0,33.165,4.1995,100.0,39.0
319.0,sunlight_active,1.0,33.165,4.1995,100.0,39.0
320.0,sunlight_active,1.0,33.165,4.1995,100.0,39.0
321.0,sunlight_active,1.0,33.165,4.1995,100.0,39.0
322.0,sunlight_active,1.0,33.165,4.1995,100.0,39.0
323.0,sunlight_active,1.0,33.165,4.1995,100.0,39.0
324.0,sunlight_active,1.0,33.165,4.1995,100.0,39.0
325.0,sunlight_active,1.0,33.165,4.1995,100.0,39.0
326.0,sunlight_active,1.0,33.165,4.1995,100.0,39.0
327.0,sunlight_active,1.0,33.165,4.1995,100.0,39.0
328.0,sunlight_active,1.0,33.165,4.1995,100.0,39.0
329.0,sunlight_active,1.0,33.165,4.1995,100.0,39.0
330.0,sunlight_active,1.0,33.165,4.1995,100.0,39.0
331.0,sunlight_active,1.0,33.165,4.1995,100.0,39.0
332.0,sunlight_active,1.0,33.165,4.1995,100.0,39.0
333.0,sunlight_active,1.0,33.165,4.1995,100.0,39.0
334.0,sunlight_active,1.0,33.165,4.1995,100.0,39.0
335.0,sunlight_active,1.0,33.165,4.1995,100.0,39.0
336.0,sunlight_active,1.0,33.165,4.1995,100.0,39.0
337.0,sunlight_active,1.0,33.165,4.1995,100.0,39.0
338.0,sunlight_active,1.0,33.165,4.1995,100.0,39.0
339.0,sunlight_active,1.0,33.165,4.1995,100.0,39.0
340.0,sunlight_active,1.0,33.165,4.1995,100.0,39.0
341.0,sunlight_active,1.0,33.165,4.1995,100.0,39.0
342.0,eclipse_low,0.0,2.458,4.2,100.0,0.0
343.0,eclipse_low,0.0,2.458,4.2,99.9996,0.0
344.0,eclipse_low,0.0,2.458,4.1999,99.9991,0.0
345.0,eclipse_low,0.0,2.458,4.1999,99.9987,0.0
346.0,eclipse_low,0.0,2.458,4.1999,99.9982,0.0
347.0,eclipse_low,0.0,2.458,4.1999,99.9978,0.0
348.0,eclipse_low,0.0,2.458,4.1999,99.9973,0.0
349.0,eclipse_low,0.0,2.458,4.1999,99.9969,0.0
350.0,eclipse_low,0.0,2.458,4.1999,99.9965,0.0
351.0,eclipse_low,0.0,2.458,4.1999,99.996,0.0
352.0,eclipse_low,0.0,2.458,4.1999,99.9956,0.0
353.0,eclipse_low,0.0,2.458,4.1999,99.9951,0.0
354.0,eclipse_low,0.0,2.458,4.1999,99.9947,0.0
355.0,eclipse_low,0.0,2.458,4.1999,99.9943,0.0
356.0,eclipse_low,0.0,2.458,4.1999,99.9938,0.0
357.0,eclipse_low,0.0,2.458,4.1998,99.9934,0.0
358.0,eclipse_low,0.0,2.458,4.1998,99.9929,0.0
359.0,eclipse_low,0.0,2.458,4.1998,99.9925,0.0
360.0,eclipse_low,0.0,2.458,4.1998,99.992,0.0
361.0,eclipse_low,0.0,2.458,4.1998,99.9916,0.0
362.0,eclipse_low,0.0,2.458,4.1998,99.9912,0.0
363.0,eclipse_low,0.0,2.458,4.1998,99.9907,0.0
364.0,eclipse_low,0.0,2.458,4.1998,99.9903,0.0
365.0,eclipse_low,0.0,2.458,4.1998,99.9898,0.0
366.0,eclipse_low,0.0,2.458,4.1998,99.9894,0.0
367.0,eclipse_low,0.0,2.458,4.1998,99.989,0.0
368.0,eclipse_low,0.0,2.458,4.1998,99.9885,0.0
369.0,eclipse_low,0.0,2.458,4.1998,99.9881,0.0
370.0,eclipse_low,0.0,2.458,4.1997,99.9876,0.0
371.0,eclipse_low,0.0,2.458,4.1997,99.9872,0.0
372.0,eclipse_low,0.0,2.458,4.1997,99.9867,0.0
373.0,eclipse_low,0.0,2.458,4.1997,99.9863,0.0
374.0,eclipse_low,0.0,2.458,4.1997,99.9859,0.0
375.0,eclipse_low,0.0,2.458,4.1997,99.9854,0.0
376.0,eclipse_low,0.0,2.458,4.1997,99.985,0.0
377.0,eclipse_low,0.0,2.458,4.1997,99.9845,0.0
378.0,eclipse_low,0.0,2.458,4.1997,99.9841,0.0
379.0,eclipse_low,0.0,2.458,4.1997,99.9837,0.0
380.0,sunlight_active,1.0,33.165,4.1993,99.9873,1653.0
381.0,sunlight_active,1.0,33.165,4.1995,100.0,39.0
382.0,sunlight_active,1.0,33.165,4.1995,100.0,39.0
383.0,sunlight_active,1.0,33.165,4.1995,100.0,39.0
384.0,sunlight_active,1.0,33.165,4.1995,100.0,39.0
385.0,sunlight_active,1.0,33.165,4.1995,100.0,39.0
386.0,sunlight_active,1.0,33.165,4.1995,100.0,39.0
387.0,sunlight_active,1.0,33.165,4.1995,100.0,39.0
388.0,sunlight_active,1.0,33.165,4.1995,100.0,39.0
389.0,sunlight_active,1.0,33.165,4.1995,100.0,39.0
390.0,sunlight_active,1.0,33.165,4.1995,100.0,39.0
391.0,sunlight_active,1.0,33.165,4.1995,100.0,39.0
392.0,sunlight_active,1.0,33.165,4.1995,100.0,39.0
393.0,sunlight_active,1.0,33.165,4.1995,100.0,39.0
394.0,sunlight_active,1.0,33.165,4.1995,100.0,39.0
395.0,sunlight_active,1.0,33.165,4.1995,100.0,39.0
396.0,sunlight_active,1.0,33.165,4.1995,100.0,39.0
397.0,sunlight_active,1.0,33.165,4.1995,100.0,39.0
398.0,sunlight_active,1.0,33.165,4.1995,100.0,39.0
399.0,sunlight_active,1.0,33.165,4.1995,100.0,39.0
400.0,sunlight_active,1.0,33.165,4.1995,100.0,39.0
401.0,sunlight_active,1.0,33.165,4.1995,100.0,39.0
402.0,sunlight_active,1.0,33.165,4.1995,100.0,39.0
403.0,sunlight_active,1.0,33.165,4.1995,100.0,39.0
404.0,sunlight_active,1.0,33.165,4.1995,100.0,39.0
405.0,sunlight_active,1.0,33.165,4.1995,100.0,39.0
406.0,sunlight_active,1.0,33.165,4.1995,100.0,39.0
407.0,sunlight_active,1.0,33.165,4.1995,100.0,39.0
408.0,sunlight_active,1.0,33.165,4.1995,100.0,39.0
409.0,sunlight_active,1.0,33.165,4.1995,100.0,39.0
410.0,sunlight_active,1.0,33.165,4.1995,100.0,39.0
411.0,sunlight_active,1.0,33.165,4.1995,100.0,39.0
412.0,sunlight_active,1.0,33.165,4.1995,100.0,39.0
413.0,sunlight_active,1.0,33.165,4.1995,100.0,39.0
414.0,sunlight_active,1.0,33.165,4.1995,100.0,39.0
415.0,sunlight_active,1.0,33.165,4.1995,100.0,39.0
416.0,sunlight_active,1.0,33.165,4.1995,100.0,39.0
417.0,sunlight_active,1.0,33.165,4.1995,100.0,39.0
418.0,sunlight_active,1.0,33.165,4.1995,100.0,39.0
419.0,sunlight_active,1.0,33.165,4.1995,100.0,39.0
420.0,sunlight_active,1.0,33.165,4.1995,100.0,39.0
421.0,sunlight_active,1.0,33.165,4.1995,100.0,39.0
422.0,sunlight_active,1.0,33.165,4.1995,100.0,39.0
423.0,sunlight_active,1.0,33.165,4.1995,100.0,39.0
424.0,sunlight_active,1.0,33.165,4.1995,100.0,39.0
425.0,sunlight_active,1.0,33.165,4.1995,100.0,39.0
426.0,sunlight_active,1.0,33.165,4.1995,100.0,39.0
427.0,sunlight_active,1.0,33.165,4.1995,100.0,39.0
428.0,sunlight_active,1.0,33.165,4.1995,100.0,39.0
429.0,sunlight_active,1.0,33.165,4.1995,100.0,39.0
430.0,sunlight_active,1.0,33.165,4.1995,100.0,39.0
431.0,sunlight_active,1.0,33.165,4.1995,100.0,39.0
432.0,sunlight_active,1.0,33.165,4.1995,100.0,39.0
433.0,sunlight_active,1.0,33.165,4.1995,100.0,39.0
434.0,sunlight_active,1.0,33.165,4.1995,100.0,39.0
435.0,sunlight_active,1.0,33.165,4.1995,100.0,39.0
436.0,sunlight_active,1.0,33.165,4.1995,100.0,39.0
437.0,eclipse_low,0.0,2.458,4.2,100.0,0.0
438.0,eclipse_low,0.0,2.458,4.2,99.9996,0.0
439.0,eclipse_low,0.0,2.458,4.1999,99.9991,0.0
440.0,eclipse_low,0.0,2.458,4.1999,99.9987,0.0
441.0,eclipse_low,0.0,2.458,4.1999,99.9982,0.0
442.0,eclipse_low,0.0,2.458,4.1999,99.9978,0.0
443.0,eclipse_low,0.0,2.458,4.1999,99.9973,0.0
444.0,eclipse_low,0.0,2.458,4.1999,99.9969,0.0
445.0,eclipse_low,0.0,2.458,4.1999,99.9965,0.0
446.0,eclipse_low,0.0,2.458,4.1999,99.996,0.0
447.0,eclipse_low,0.0,2.458,4.1999,99.9956,0.0
448.0,eclipse_low,0.0,2.458,4.1999,99.9951,0.0
449.0,eclipse_low,0.0,2.458,4.1999,99.9947,0.0
450.0,eclipse_low,0.0,2.458,4.1999,99.9943,0.0
451.0,eclipse_low,0.0,2.458,4.1999,99.9938,0.0
452.0,eclipse_low,0.0,2.458,4.1998,99.9934,0.0
453.0,eclipse_low,0.0,2.458,4.1998,99.9929,0.0
454.0,eclipse_low,0.0,2.458,4.1998,99.9925,0.0
455.0,eclipse_low,0.0,2.458,4.1998,99.992,0.0
456.0,eclipse_low,0.0,2.458,4.1998,99.9916,0.0
457.0,eclipse_low,0.0,2.458,4.1998,99.9912,0.0
458.0,eclipse_low,0.0,2.458,4.1998,99.9907,0.0
459.0,eclipse_low,0.0,2.458,4.1998,99.9903,0.0
460.0,eclipse_low,0.0,2.458,4.1998,99.9898,0.0
461.0,eclipse_low,0.0,2.458,4.1998,99.9894,0.0
462.0,eclipse_low,0.0,2.458,4.1998,99.989,0.0
463.0,eclipse_low,0.0,2.458,4.1998,99.9885,0.0
464.0,eclipse_low,0.0,2.458,4.1998,99.9881,0.0
465.0,eclipse_low,0.0,2.458,4.1997,99.9876,0.0
466.0,eclipse_low,0.0,2.458,4.1997,99.9872,0.0
467.0,eclipse_low,0.0,2.458,4.1997,99.9867,0.0
468.0,eclipse_low,0.0,2.458,4.1997,99.9863,0.0
469.0,eclipse_low,0.0,2.458,4.1997,99.9859,0.0
470.0,eclipse_low,0.0,2.458,4.1997,99.9854,0.0
471.0,eclipse_low,0.0,2.458,4.1997,99.985,0.0
472.0,eclipse_low,0.0,2.458,4.1997,99.9845,0.0
473.0,eclipse_low,0.0,2.458,4.1997,99.9841,0.0
474.0,eclipse_low,0.0,2.458,4.1997,99.9837,0.0
475.0,sunlight_active,1.0,33.165,4.1993,99.9873,1653.0
476.0,sunlight_active,1.0,33.165,4.1995,100.0,39.0
477.0,sunlight_active,1.0,33.165,4.1995,100.0,39.0
478.0,sunlight_active,1.0,33.165,4.1995,100.0,39.0
479.0,sunlight_active,1.0,33.165,4.1995,100.0,39.0
480.0,sunlight_active,1.0,33.165,4.1995,100.0,39.0
481.0,sunlight_active,1.0,33.165,4.1995,100.0,39.0
482.0,sunlight_active,1.0,33.165,4.1995,100.0,39.0
483.0,sunlight_active,1.0,33.165,4.1995,100.0,39.0
484.0,sunlight_active,1.0,33.165,4.1995,100.0,39.0
485.0,sunlight_active,1.0,33.165,4.1995,100.0,39.0
486.0,sunlight_active,1.0,33.165,4.1995,100.0,39.0
487.0,sunlight_active,1.0,33.165,4.1995,100.0,39.0
488.0,sunlight_active,1.0,33.165,4.1995,100.0,39.0
489.0,sunlight_active,1.0,33.165,4.1995,100.0,39.0
490.0,sunlight_active,1.0,33.165,4.1995,100.0,39.0
491.0,sunlight_active,1.0,33.165,4.1995,100.0,39.0
492.0,sunlight_active,1.0,33.165,4.1995,100.0,39.0
493.0,sunlight_active,1.0,33.165,4.1995,100.0,39.0
494.0,sunlight_active,1.0,33.165,4.1995,100.0,39.0
495.0,sunlight_active,1.0,33.165,4.1995,100.0,39.0
496.0,sunlight_active,1.0,33.165,4.1995,100.0,39.0
497.0,sunlight_active,1.0,33.165,4.1995,100.0,39.0
498.0,sunlight_active,1.0,33.165,4.1995,100.0,39.0
499.0,sunlight_active,1.0,33.165,4.1995,100.0,39.0
500.0,sunlight_active,1.0,33.165,4.1995,100.0,39.0
501.0,sunlight_active,1.0,33.165,4.1995,100.0,39.0
502.0,sunlight_active,1.0,33.165,4.1995,100.0,39.0
503.0,sunlight_active,1.0,33.165,4.1995,100.0,39.0
504.0,sunlight_active,1.0,33.165,4.1995,100.0,39.0
505.0,sunlight_active,1.0,33.165,4.1995,100.0,39.0
506.0,sunlight_active,1.0,33.165,4.1995,100.0,39.0
507.0,sunlight_active,1.0,33.165,4.1995,100.0,39.0
508.0,sunlight_active,1.0,33.165,4.1995,100.0,39.0
509.0,sunlight_active,1.0,33.165,4.1995,100.0,39.0
510.0,sunlight_active,1.0,33.165,4.1995,100.0,39.0
511.0,sunlight_active,1.0,33.165,4.1995,100.0,39.0
512.0,sunlight_active,1.0,33.165,4.1995,100.0,39.0
513.0,sunlight_active,1.0,33.165,4.1995,100.0,39.0
514.0,sunlight_active,1.0,33.165,4.1995,100.0,39.0
515.0,sunlight_active,1.0,33.165,4.1995,100.0,39.0
516.0,sunlight_active,1.0,33.165,4.1995,100.0,39.0
517.0,sunlight_active,1.0,33.165,4.1995,100.0,39.0
518.0,sunlight_active,1.0,33.165,4.1995,100.0,39.0
519.0,sunlight_active,1.0,33.165,4.1995,100.0,39.0
520.0,sunlight_active,1.0,33.165,4.1995,100.0,39.0
521.0,sunlight_active,1.0,33.165,4.1995,100.0,39.0
522.0,sunlight_active,1.0,33.165,4.1995,100.0,39.0
523.0,sunlight_active,1.0,33.165,4.1995,100.0,39.0
524.0,sunlight_active,1.0,33.165,4.1995,100.0,39.0
525.0,sunlight_active,1.0,33.165,4.1995,100.0,39.0
526.0,sunlight_active,1.0,33.165,4.1995,100.0,39.0
527.0,sunlight_active,1.0,33.165,4.1995,100.0,39.0
528.0,sunlight_active,1.0,33.165,4.1995,100.0,39.0
529.0,sunlight_active,1.0,33.165,4.1995,100.0,39.0
530.0,sunlight_active,1.0,33.165,4.1995,100.0,39.0
531.0,sunlight_active,1.0,33.165,4.1995,100.0,39.0
532.0,eclipse_low,0.0,2.458,4.2,100.0,0.0
533.0,eclipse_low,0.0,2.458,4.2,99.9996,0.0
534.0,eclipse_low,0.0,2.458,4.1999,99.9991,0.0
535.0,eclipse_low,0.0,2.458,4.1999,99.9987,0.0
536.0,eclipse_low,0.0,2.458,4.1999,99.9982,0.0
537.0,eclipse_low,0.0,2.458,4.1999,99.9978,0.0
538.0,eclipse_low,0.0,2.458,4.1999,99.9973,0.0
539.0,eclipse_low,0.0,2.458,4.1999,99.9969,0.0
540.0,eclipse_low,0.0,2.458,4.1999,99.9965,0.0
541.0,eclipse_low,0.0,2.458,4.1999,99.996,0.0
542.0,eclipse_low,0.0,2.458,4.1999,99.9956,0.0
543.0,eclipse_low,0.0,2.458,4.1999,99.9951,0.0
544.0,eclipse_low,0.0,2.458,4.1999,99.9947,0.0
545.0,eclipse_low,0.0,2.458,4.1999,99.9943,0.0
546.0,eclipse_low,0.0,2.458,4.1999,99.9938,0.0
547.0,eclipse_low,0.0,2.458,4.1998,99.9934,0.0
548.0,eclipse_low,0.0,2.458,4.1998,99.9929,0.0
549.0,eclipse_low,0.0,2.458,4.1998,99.9925,0.0
550.0,eclipse_low,0.0,2.458,4.1998,99.992,0.0
551.0,eclipse_low,0.0,2.458,4.1998,99.9916,0.0
552.0,eclipse_low,0.0,2.458,4.1998,99.9912,0.0
553.0,eclipse_low,0.0,2.458,4.1998,99.9907,0.0
554.0,eclipse_low,0.0,2.458,4.1998,99.9903,0.0
555.0,eclipse_low,0.0,2.458,4.1998,99.9898,0.0
556.0,eclipse_low,0.0,2.458,4.1998,99.9894,0.0
557.0,eclipse_low,0.0,2.458,4.1998,99.989,0.0
558.0,eclipse_low,0.0,2.458,4.1998,99.9885,0.0
559.0,eclipse_low,0.0,2.458,4.1998,99.9881,0.0
560.0,eclipse_low,0.0,2.458,4.1997,99.9876,0.0
561.0,eclipse_low,0.0,2.458,4.1997,99.9872,0.0
562.0,eclipse_low,0.0,2.458,4.1997,99.9867,0.0
563.0,eclipse_low,0.0,2.458,4.1997,99.9863,0.0
564.0,eclipse_low,0.0,2.458,4.1997,99.9859,0.0
565.0,eclipse_low,0.0,2.458,4.1997,99.9854,0.0
566.0,eclipse_low,0.0,2.458,4.1997,99.985,0.0
567.0,eclipse_low,0.0,2.458,4.1997,99.9845,0.0
568.0,eclipse_low,0.0,2.458,4.1997,99.9841,0.0
569.0,eclipse_low,0.0,2.458,4.1997,99.9837,0.0
570.0,sunlight_active,1.0,33.165,4.1993,99.9873,1653.0
571.0,sunlight_active,1.0,33.165,4.1995,100.0,39.0
572.0,sunlight_active,1.0,33.165,4.1995,100.0,39.0
573.0,sunlight_active,1.0,33.165,4.1995,100.0,39.0
574.0,sunlight_active,1.0,33.165,4.1995,100.0,39.0
575.0,sunlight_active,1.0,33.165,4.1995,100.0,39.0
576.0,sunlight_active,1.0,33.165,4.1995,100.0,39.0
577.0,sunlight_active,1.0,33.165,4.1995,100.0,39.0
578.0,sunlight_active,1.0,33.165,4.1995,100.0,39.0
579.0,sunlight_active,1.0,33.165,4.1995,100.0,39.0
580.0,sunlight_active,1.0,33.165,4.1995,100.0,39.0
581.0,sunlight_active,1.0,33.165,4.1995,100.0,39.0
582.0,sunlight_active,1.0,33.165,4.1995,100.0,39.0
583.0,sunlight_active,1.0,33.165,4.1995,100.0,39.0
584.0,sunlight_active,1.0,33.165,4.1995,100.0,39.0
585.0,sunlight_active,1.0,33.165,4.1995,100.0,39.0
586.0,sunlight_active,1.0,33.165,4.1995,100.0,39.0
587.0,sunlight_active,1.0,33.165,4.1995,100.0,39.0
588.0,sunlight_active,1.0,33.165,4.1995,100.0,39.0
589.0,sunlight_active,1.0,33.165,4.1995,100.0,39.0
590.0,sunlight_active,1.0,33.165,4.1995,100.0,39.0
591.0,sunlight_active,1.0,33.165,4.1995,100.0,39.0
592.0,sunlight_active,1.0,33.165,4.1995,100.0,39.0
593.0,sunlight_active,1.0,33.165,4.1995,100.0,39.0
594.0,sunlight_active,1.0,33.165,4.1995,100.0,39.0
595.0,sunlight_active,1.0,33.165,4.1995,100.0,39.0
596.0,sunlight_active,1.0,33.165,4.1995,100.0,39.0
597.0,sunlight_active,1.0,33.165,4.1995,100.0,39.0
598.0,sunlight_active,1.0,33.165,4.1995,100.0,39.0
599.0,sunlight_active,1.0,33.165,4.1995,100.0,39.0
600.0,sunlight_active,1.0,33.165,4.1995,100.0,39.0
601.0,sunlight_active,1.0,33.165,4.1995,100.0,39.0
602.0,sunlight_active,1.0,33.165,4.1995,100.0,39.0
603.0,sunlight_active,1.0,33.165,4.1995,100.0,39.0
604.0,sunlight_active,1.0,33.165,4.1995,100.0,39.0
605.0,sunlight_active,1.0,33.165,4.1995,100.0,39.0
606.0,sunlight_active,1.0,33.165,4.1995,100.0,39.0
607.0,sunlight_active,1.0,33.165,4.1995,100.0,39.0
608.0,sunlight_active,1.0,33.165,4.1995,100.0,39.0
609.0,sunlight_active,1.0,33.165,4.1995,100.0,39.0
610.0,sunlight_active,1.0,33.165,4.1995,100.0,39.0
611.0,sunlight_active,1.0,33.165,4.1995,100.0,39.0
612.0,sunlight_active,1.0,33.165,4.1995,100.0,39.0
613.0,sunlight_active,1.0,33.165,4.1995,100.0,39.0
614.0,sunlight_active,1.0,33.165,4.1995,100.0,39.0
615.0,sunlight_active,1.0,33.165,4.1995,100.0,39.0
616.0,sunlight_active,1.0,33.165,4.1995,100.0,39.0
617.0,sunlight_active,1.0,33.165,4.1995,100.0,39.0
618.0,sunlight_active,1.0,33.165,4.1995,100.0,39.0
619.0,sunlight_active,1.0,33.165,4.1995,100.0,39.0
620.0,sunlight_active,1.0,33.165,4.1995,100.0,39.0
621.0,sunlight_active,1.0,33.165,4.1995,100.0,39.0
622.0,sunlight_active,1.0,33.165,4.1995,100.0,39.0
623.0,sunlight_active,1.0,33.165,4.1995,100.0,39.0
624.0,sunlight_active,1.0,33.165,4.1995,100.0,39.0
625.0,sunlight_active,1.0,33.165,4.1995,100.0,39.0
626.0,sunlight_active,1.0,33.165,4.1995,100.0,39.0
627.0,eclipse_low,0.0,2.458,4.2,100.0,0.0
628.0,eclipse_low,0.0,2.458,4.2,99.9996,0.0
629.0,eclipse_low,0.0,2.458,4.1999,99.9991,0.0
630.0,eclipse_low,0.0,2.458,4.1999,99.9987,0.0
631.0,eclipse_low,0.0,2.458,4.1999,99.9982,0.0
632.0,eclipse_low,0.0,2.458,4.1999,99.9978,0.0
633.0,eclipse_low,0.0,2.458,4.1999,99.9973,0.0
634.0,eclipse_low,0.0,2.458,4.1999,99.9969,0.0
635.0,eclipse_low,0.0,2.458,4.1999,99.9965,0.0
636.0,eclipse_low,0.0,2.458,4.1999,99.996,0.0
637.0,eclipse_low,0.0,2.458,4.1999,99.9956,0.0
638.0,eclipse_low,0.0,2.458,4.1999,99.9951,0.0
639.0,eclipse_low,0.0,2.458,4.1999,99.9947,0.0
640.0,eclipse_low,0.0,2.458,4.1999,99.9943,0.0
641.0,eclipse_low,0.0,2.458,4.1999,99.9938,0.0
642.0,eclipse_low,0.0,2.458,4.1998,99.9934,0.0
643.0,eclipse_low,0.0,2.458,4.1998,99.9929,0.0
644.0,eclipse_low,0.0,2.458,4.1998,99.9925,0.0
645.0,eclipse_low,0.0,2.458,4.1998,99.992,0.0
646.0,eclipse_low,0.0,2.458,4.1998,99.9916,0.0
647.0,eclipse_low,0.0,2.458,4.1998,99.9912,0.0
648.0,eclipse_low,0.0,2.458,4.1998,99.9907,0.0
649.0,eclipse_low,0.0,2.458,4.1998,99.9903,0.0
650.0,eclipse_low,0.0,2.458,4.1998,99.9898,0.0
651.0,eclipse_low,0.0,2.458,4.1998,99.9894,0.0
652.0,eclipse_low,0.0,2.458,4.1998,99.989,0.0
653.0,eclipse_low,0.0,2.458,4.1998,99.9885,0.0
654.0,eclipse_low,0.0,2.458,4.1998,99.9881,0.0
655.0,eclipse_low,0.0,2.458,4.1997,99.9876,0.0
656.0,eclipse_low,0.0,2.458,4.1997,99.9872,0.0
657.0,eclipse_low,0.0,2.458,4.1997,99.9867,0.0
658.0,eclipse_low,0.0,2.458,4.1997,99.9863,0.0
659.0,eclipse_low,0.0,2.458,4.1997,99.9859,0.0
660.0,eclipse_low,0.0,2.458,4.1997,99.9854,0.0
661.0,eclipse_low,0.0,2.458,4.1997,99.985,0.0
662.0,eclipse_low,0.0,2.458,4.1997,99.9845,0.0
663.0,eclipse_low,0.0,2.458,4.1997,99.9841,0.0
664.0,eclipse_low,0.0,2.458,4.1997,99.9837,0.0
665.0,sunlight_active,1.0,33.165,4.1993,99.9873,1653.0
666.0,sunlight_active,1.0,33.165,4.1995,100.0,39.0
667.0,sunlight_active,1.0,33.165,4.1995,100.0,39.0
668.0,sunlight_active,1.0,33.165,4.1995,100.0,39.0
669.0,sunlight_active,1.0,33.165,4.1995,100.0,39.0
670.0,sunlight_active,1.0,33.165,4.1995,100.0,39.0
671.0,sunlight_active,1.0,33.165,4.1995,100.0,39.0
672.0,sunlight_active,1.0,33.165,4.1995,100.0,39.0
673.0,sunlight_active,1.0,33.165,4.1995,100.0,39.0
674.0,sunlight_active,1.0,33.165,4.1995,100.0,39.0
675.0,sunlight_active,1.0,33.165,4.1995,100.0,39.0
676.0,sunlight_active,1.0,33.165,4.1995,100.0,39.0
677.0,sunlight_active,1.0,33.165,4.1995,100.0,39.0
678.0,sunlight_active,1.0,33.165,4.1995,100.0,39.0
679.0,sunlight_active,1.0,33.165,4.1995,100.0,39.0
680.0,sunlight_active,1.0,33.165,4.1995,100.0,39.0
681.0,sunlight_active,1.0,33.165,4.1995,100.0,39.0
682.0,sunlight_active,1.0,33.165,4.1995,100.0,39.0
683.0,sunlight_active,1.0,33.165,4.1995,100.0,39.0
684.0,sunlight_active,1.0,33.165,4.1995,100.0,39.0
685.0,sunlight_active,1.0,33.165,4.1995,100.0,39.0
686.0,sunlight_active,1.0,33.165,4.1995,100.0,39.0
687.0,sunlight_active,1.0,33.165,4.1995,100.0,39.0
688.0,sunlight_active,1.0,33.165,4.1995,100.0,39.0
689.0,sunlight_active,1.0,33.165,4.1995,100.0,39.0
690.0,sunlight_active,1.0,33.165,4.1995,100.0,39.0
691.0,sunlight_active,1.0,33.165,4.1995,100.0,39.0
692.0,sunlight_active,1.0,33.165,4.1995,100.0,39.0
693.0,sunlight_active,1.0,33.165,4.1995,100.0,39.0
694.0,sunlight_active,1.0,33.165,4.1995,100.0,39.0
695.0,sunlight_active,1.0,33.165,4.1995,100.0,39.0
696.0,sunlight_active,1.0,33.165,4.1995,100.0,39.0
697.0,sunlight_active,1.0,33.165,4.1995,100.0,39.0
698.0,sunlight_active,1.0,33.165,4.1995,100.0,39.0
699.0,sunlight_active,1.0,33.165,4.1995,100.0,39.0
700.0,sunlight_active,1.0,33.165,4.1995,100.0,39.0
701.0,sunlight_active,1.0,33.165,4.1995,100.0,39.0
702.0,sunlight_active,1.0,33.165,4.1995,100.0,39.0
703.0,sunlight_active,1.0,33.165,4.1995,100.0,39.0
704.0,sunlight_active,1.0,33.165,4.1995,100.0,39.0
705.0,sunlight_active,1.0,33.165,4.1995,100.0,39.0
706.0,sunlight_active,1.0,33.165,4.1995,100.0,39.0
707.0,sunlight_active,1.0,33.165,4.1995,100.0,39.0
708.0,sunlight_active,1.0,33.165,4.1995,100.0,39.0
709.0,sunlight_active,1.0,33.165,4.1995,100.0,39.0
710.0,sunlight_active,1.0,33.165,4.1995,100.0,39.0
711.0,sunlight_active,1.0,33.165,4.1995,100.0,39.0
712.0,sunlight_active,1.0,33.165,4.1995,100.0,39.0
713.0,sunlight_active,1.0,33.165,4.1995,100.0,39.0
714.0,sunlight_active,1.0,33.165,4.1995,100.0,39.0
715.0,sunlight_active,1.0,33.165,4.1995,100.0,39.0
716.0,sunlight_active,1.0,33.165,4.1995,100.0,39.0
717.0,sunlight_active,1.0,33.165,4.1995,100.0,39.0
718.0,sunlight_active,1.0,33.165,4.1995,100.0,39.0
719.0,sunlight_active,1.0,33.165,4.1995,100.0,39.0
720.0,sunlight_active,1.0,33.165,4.1995,100.0,39.0
721.0,sunlight_active,1.0,33.165,4.1995,100.0,39.0
722.0,eclipse_low,0.0,2.458,4.2,100.0,0.0
723.0,eclipse_low,0.0,2.458,4.2,99.9996,0.0
724.0,eclipse_low,0.0,2.458,4.1999,99.9991,0.0
725.0,eclipse_low,0.0,2.458,4.1999,99.9987,0.0
726.0,eclipse_low,0.0,2.458,4.1999,99.9982,0.0
727.0,eclipse_low,0.0,2.458,4.1999,99.9978,0.0
728.0,eclipse_low,0.0,2.458,4.1999,99.9973,0.0
729.0,eclipse_low,0.0,2.458,4.1999,99.9969,0.0
730.0,eclipse_low,0.0,2.458,4.1999,99.9965,0.0
731.0,eclipse_low,0.0,2.458,4.1999,99.996,0.0
732.0,eclipse_low,0.0,2.458,4.1999,99.9956,0.0
733.0,eclipse_low,0.0,2.458,4.1999,99.9951,0.0
734.0,eclipse_low,0.0,2.458,4.1999,99.9947,0.0
735.0,eclipse_low,0.0,2.458,4.1999,99.9943,0.0
736.0,eclipse_low,0.0,2.458,4.1999,99.9938,0.0
737.0,eclipse_low,0.0,2.458,4.1998,99.9934,0.0
738.0,eclipse_low,0.0,2.458,4.1998,99.9929,0.0
739.0,eclipse_low,0.0,2.458,4.1998,99.9925,0.0
740.0,eclipse_low,0.0,2.458,4.1998,99.992,0.0
741.0,eclipse_low,0.0,2.458,4.1998,99.9916,0.0
742.0,eclipse_low,0.0,2.458,4.1998,99.9912,0.0
743.0,eclipse_low,0.0,2.458,4.1998,99.9907,0.0
744.0,eclipse_low,0.0,2.458,4.1998,99.9903,0.0
745.0,eclipse_low,0.0,2.458,4.1998,99.9898,0.0
746.0,eclipse_low,0.0,2.458,4.1998,99.9894,0.0
747.0,eclipse_low,0.0,2.458,4.1998,99.989,0.0
748.0,eclipse_low,0.0,2.458,4.1998,99.9885,0.0
749.0,eclipse_low,0.0,2.458,4.1998,99.9881,0.0
750.0,eclipse_low,0.0,2.458,4.1997,99.9876,0.0
751.0,eclipse_low,0.0,2.458,4.1997,99.9872,0.0
752.0,eclipse_low,0.0,2.458,4.1997,99.9867,0.0
753.0,eclipse_low,0.0,2.458,4.1997,99.9863,0.0
754.0,eclipse_low,0.0,2.458,4.1997,99.9859,0.0
755.0,eclipse_low,0.0,2.458,4.1997,99.9854,0.0
756.0,eclipse_low,0.0,2.458,4.1997,99.985,0.0
757.0,eclipse_low,0.0,2.458,4.1997,99.9845,0.0
758.0,eclipse_low,0.0,2.458,4.1997,99.9841,0.0
759.0,eclipse_low,0.0,2.458,4.1997,99.9837,0.0
760.0,sunlight_active,1.0,33.165,4.1993,99.9873,1653.0
761.0,sunlight_active,1.0,33.165,4.1995,100.0,39.0
762.0,sunlight_active,1.0,33.165,4.1995,100.0,39.0
763.0,sunlight_active,1.0,33.165,4.1995,100.0,39.0
764.0,sunlight_active,1.0,33.165,4.1995,100.0,39.0
765.0,sunlight_active,1.0,33.165,4.1995,100.0,39.0
766.0,sunlight_active,1.0,33.165,4.1995,100.0,39.0
767.0,sunlight_active,1.0,33.165,4.1995,100.0,39.0
768.0,sunlight_active,1.0,33.165,4.1995,100.0,39.0
769.0,sunlight_active,1.0,33.165,4.1995,100.0,39.0
770.0,sunlight_active,1.0,33.165,4.1995,100.0,39.0
771.0,sunlight_active,1.0,33.165,4.1995,100.0,39.0
772.0,sunlight_active,1.0,33.165,4.1995,100.0,39.0
773.0,sunlight_active,1.0,33.165,4.1995,100.0,39.0
774.0,sunlight_active,1.0,33.165,4.1995,100.0,39.0
775.0,sunlight_active,1.0,33.165,4.1995,100.0,39.0
776.0,sunlight_active,1.0,33.165,4.1995,100.0,39.0
777.0,sunlight_active,1.0,33.165,4.1995,100.0,39.0
778.0,sunlight_active,1.0,33.165,4.1995,100.0,39.0
779.0,sunlight_active,1.0,33.165,4.1995,100.0,39.0
780.0,sunlight_active,1.0,33.165,4.1995,100.0,39.0
781.0,sunlight_active,1.0,33.165,4.1995,100.0,39.0
782.0,sunlight_active,1.0,33.165,4.1995,100.0,39.0
783.0,sunlight_active,1.0,33.165,4.1995,100.0,39.0
784.0,sunlight_active,1.0,33.165,4.1995,100.0,39.0
785.0,sunlight_active,1.0,33.165,4.1995,100.0,39.0
786.0,sunlight_active,1.0,33.165,4.1995,100.0,39.0
787.0,sunlight_active,1.0,33.165,4.1995,100.0,39.0
788.0,sunlight_active,1.0,33.165,4.1995,100.0,39.0
789.0,sunlight_active,1.0,33.165,4.1995,100.0,39.0
790.0,sunlight_active,1.0,33.165,4.1995,100.0,39.0
791.0,sunlight_active,1.0,33.165,4.1995,100.0,39.0
792.0,sunlight_active,1.0,33.165,4.1995,100.0,39.0
793.0,sunlight_active,1.0,33.165,4.1995,100.0,39.0
794.0,sunlight_active,1.0,33.165,4.1995,100.0,39.0
795.0,sunlight_active,1.0,33.165,4.1995,100.0,39.0
796.0,sunlight_active,1.0,33.165,4.1995,100.0,39.0
797.0,sunlight_active,1.0,33.165,4.1995,100.0,39.0
798.0,sunlight_active,1.0,33.165,4.1995,100.0,39.0
799.0,sunlight_active,1.0,33.165,4.1995,100.0,39.0
800.0,sunlight_active,1.0,33.165,4.1995,100.0,39.0
801.0,sunlight_active,1.0,33.165,4.1995,100.0,39.0
802.0,sunlight_active,1.0,33.165,4.1995,100.0,39.0
803.0,sunlight_active,1.0,33.165,4.1995,100.0,39.0
804.0,sunlight_active,1.0,33.165,4.1995,100.0,39.0
805.0,sunlight_active,1.0,33.165,4.1995,100.0,39.0
806.0,sunlight_active,1.0,33.165,4.1995,100.0,39.0
807.0,sunlight_active,1.0,33.165,4.1995,100.0,39.0
808.0,sunlight_active,1.0,33.165,4.1995,100.0,39.0
809.0,sunlight_active,1.0,33.165,4.1995,100.0,39.0
810.0,sunlight_active,1.0,33.165,4.1995,100.0,39.0
811.0,sunlight_active,1.0,33.165,4.1995,100.0,39.0
812.0,sunlight_active,1.0,33.165,4.1995,100.0,39.0
813.0,sunlight_active,1.0,33.165,4.1995,100.0,39.0
814.0,sunlight_active,1.0,33.165,4.1995,100.0,39.0
815.0,sunlight_active,1.0,33.165,4.1995,100.0,39.0
816.0,sunlight_active,1.0,33.165,4.1995,100.0,39.0
817.0,eclipse_low,0.0,2.458,4.2,100.0,0.0
818.0,eclipse_low,0.0,2.458,4.2,99.9996,0.0
819.0,eclipse_low,0.0,2.458,4.1999,99.9991,0.0
820.0,eclipse_low,0.0,2.458,4.1999,99.9987,0.0
821.0,eclipse_low,0.0,2.458,4.1999,99.9982,0.0
822.0,eclipse_low,0.0,2.458,4.1999,99.9978,0.0
823.0,eclipse_low,0.0,2.458,4.1999,99.9973,0.0
824.0,eclipse_low,0.0,2.458,4.1999,99.9969,0.0
825.0,eclipse_low,0.0,2.458,4.1999,99.9965,0.0
826.0,eclipse_low,0.0,2.458,4.1999,99.996,0.0
827.0,eclipse_low,0.0,2.458,4.1999,99.9956,0.0
828.0,eclipse_low,0.0,2.458,4.1999,99.9951,0.0
829.0,eclipse_low,0.0,2.458,4.1999,99.9947,0.0
830.0,eclipse_low,0.0,2.458,4.1999,99.9943,0.0
831.0,eclipse_low,0.0,2.458,4.1999,99.9938,0.0
832.0,eclipse_low,0.0,2.458,4.1998,99.9934,0.0
833.0,eclipse_low,0.0,2.458,4.1998,99.9929,0.0
834.0,eclipse_low,0.0,2.458,4.1998,99.9925,0.0
835.0,eclipse_low,0.0,2.458,4.1998,99.992,0.0
836.0,eclipse_low,0.0,2.458,4.1998,99.9916,0.0
837.0,eclipse_low,0.0,2.458,4.1998,99.9912,0.0
838.0,eclipse_low,0.0,2.458,4.1998,99.9907,0.0
839.0,eclipse_low,0.0,2.458,4.1998,99.9903,0.0
840.0,eclipse_low,0.0,2.458,4.1998,99.9898,0.0
841.0,eclipse_low,0.0,2.458,4.1998,99.9894,0.0
842.0,eclipse_low,0.0,2.458,4.1998,99.989,0.0
843.0,eclipse_low,0.0,2.458,4.1998,99.9885,0.0
844.0,eclipse_low,0.0,2.458,4.1998,99.9881,0.0
845.0,eclipse_low,0.0,2.458,4.1997,99.9876,0.0
846.0,eclipse_low,0.0,2.458,4.1997,99.9872,0.0
847.0,eclipse_low,0.0,2.458,4.1997,99.9867,0.0
848.0,eclipse_low,0.0,2.458,4.1997,99.9863,0.0
849.0,eclipse_low,0.0,2.458,4.1997,99.9859,0.0
850.0,eclipse_low,0.0,2.458,4.1997,99.9854,0.0
851.0,eclipse_low,0.0,2.458,4.1997,99.985,0.0
852.0,eclipse_low,0.0,2.458,4.1997,99.9845,0.0
853.0,eclipse_low,0.0,2.458,4.1997,99.9841,0.0
854.0,eclipse_low,0.0,2.458,4.1997,99.9837,0.0
855.0,sunlight_active,1.0,33.165,4.1993,99.9873,1653.0
856.0,sunlight_active,1.0,33.165,4.1995,100.0,39.0
857.0,sunlight_active,1.0,33.165,4.1995,100.0,39.0
858.0,sunlight_active,1.0,33.165,4.1995,100.0,39.0
859.0,sunlight_active,1.0,33.165,4.1995,100.0,39.0
860.0,sunlight_active,1.0,33.165,4.1995,100.0,39.0
861.0,sunlight_active,1.0,33.165,4.1995,100.0,39.0
862.0,sunlight_active,1.0,33.165,4.1995,100.0,39.0
863.0,sunlight_active,1.0,33.165,4.1995,100.0,39.0
864.0,sunlight_active,1.0,33.165,4.1995,100.0,39.0
865.0,sunlight_active,1.0,33.165,4.1995,100.0,39.0
866.0,sunlight_active,1.0,33.165,4.1995,100.0,39.0
867.0,sunlight_active,1.0,33.165,4.1995,100.0,39.0
868.0,sunlight_active,1.0,33.165,4.1995,100.0,39.0
869.0,sunlight_active,1.0,33.165,4.1995,100.0,39.0
870.0,sunlight_active,1.0,33.165,4.1995,100.0,39.0
871.0,sunlight_active,1.0,33.165,4.1995,100.0,39.0
872.0,sunlight_active,1.0,33.165,4.1995,100.0,39.0
873.0,sunlight_active,1.0,33.165,4.1995,100.0,39.0
874.0,sunlight_active,1.0,33.165,4.1995,100.0,39.0
875.0,sunlight_active,1.0,33.165,4.1995,100.0,39.0
876.0,sunlight_active,1.0,33.165,4.1995,100.0,39.0
877.0,sunlight_active,1.0,33.165,4.1995,100.0,39.0
878.0,sunlight_active,1.0,33.165,4.1995,100.0,39.0
879.0,sunlight_active,1.0,33.165,4.1995,100.0,39.0
880.0,sunlight_active,1.0,33.165,4.1995,100.0,39.0
881.0,sunlight_active,1.0,33.165,4.1995,100.0,39.0
882.0,sunlight_active,1.0,33.165,4.1995,100.0,39.0
883.0,sunlight_active,1.0,33.165,4.1995,100.0,39.0
884.0,sunlight_active,1.0,33.165,4.1995,100.0,39.0
885.0,sunlight_active,1.0,33.165,4.1995,100.0,39.0
886.0,sunlight_active,1.0,33.165,4.1995,100.0,39.0
887.0,sunlight_active,1.0,33.165,4.1995,100.0,39.0
888.0,sunlight_active,1.0,33.165,4.1995,100.0,39.0
889.0,sunlight_active,1.0,33.165,4.1995,100.0,39.0
890.0,sunlight_active,1.0,33.165,4.1995,100.0,39.0
891.0,sunlight_active,1.0,33.165,4.1995,100.0,39.0
892.0,sunlight_active,1.0,33.165,4.1995,100.0,39.0
893.0,sunlight_active,1.0,33.165,4.1995,100.0,39.0
894.0,sunlight_active,1.0,33.165,4.1995,100.0,39.0
895.0,sunlight_active,1.0,33.165,4.1995,100.0,39.0
896.0,sunlight_active,1.0,33.165,4.1995,100.0,39.0
897.0,sunlight_active,1.0,33.165,4.1995,100.0,39.0
898.0,sunlight_active,1.0,33.165,4.1995,100.0,39.0
899.0,sunlight_active,1.0,33.165,4.1995,100.0,39.0
900.0,sunlight_active,1.0,33.165,4.1995,100.0,39.0
901.0,sunlight_active,1.0,33.165,4.1995,100.0,39.0
902.0,sunlight_active,1.0,33.165,4.1995,100.0,39.0
903.0,sunlight_active,1.0,33.165,4.1995,100.0,39.0
904.0,sunlight_active,1.0,33.165,4.1995,100.0,39.0
905.0,sunlight_active,1.0,33.165,4.1995,100.0,39.0
906.0,sunlight_active,1.0,33.165,4.1995,100.0,39.0
907.0,sunlight_active,1.0,33.165,4.1995,100.0,39.0
908.0,sunlight_active,1.0,33.165,4.1995,100.0,39.0
909.0,sunlight_active,1.0,33.165,4.1995,100.0,39.0
910.0,sunlight_active,1.0,33.165,4.1995,100.0,39.0
911.0,sunlight_active,1.0,33.165,4.1995,100.0,39.0
912.0,eclipse_low,0.0,2.458,4.2,100.0,0.0
913.0,eclipse_low,0.0,2.458,4.2,99.9996,0.0
914.0,eclipse_low,0.0,2.458,4.1999,99.9991,0.0
915.0,eclipse_low,0.0,2.458,4.1999,99.9987,0.0
916.0,eclipse_low,0.0,2.458,4.1999,99.9982,0.0
917.0,eclipse_low,0.0,2.458,4.1999,99.9978,0.0
918.0,eclipse_low,0.0,2.458,4.1999,99.9973,0.0
919.0,eclipse_low,0.0,2.458,4.1999,99.9969,0.0
920.0,eclipse_low,0.0,2.458,4.1999,99.9965,0.0
921.0,eclipse_low,0.0,2.458,4.1999,99.996,0.0
922.0,eclipse_low,0.0,2.458,4.1999,99.9956,0.0
923.0,eclipse_low,0.0,2.458,4.1999,99.9951,0.0
924.0,eclipse_low,0.0,2.458,4.1999,99.9947,0.0
925.0,eclipse_low,0.0,2.458,4.1999,99.9943,0.0
926.0,eclipse_low,0.0,2.458,4.1999,99.9938,0.0
927.0,eclipse_low,0.0,2.458,4.1998,99.9934,0.0
928.0,eclipse_low,0.0,2.458,4.1998,99.9929,0.0
929.0,eclipse_low,0.0,2.458,4.1998,99.9925,0.0
930.0,eclipse_low,0.0,2.458,4.1998,99.992,0.0
931.0,eclipse_low,0.0,2.458,4.1998,99.9916,0.0
932.0,eclipse_low,0.0,2.458,4.1998,99.9912,0.0
933.0,eclipse_low,0.0,2.458,4.1998,99.9907,0.0
934.0,eclipse_low,0.0,2.458,4.1998,99.9903,0.0
935.0,eclipse_low,0.0,2.458,4.1998,99.9898,0.0
936.0,eclipse_low,0.0,2.458,4.1998,99.9894,0.0
937.0,eclipse_low,0.0,2.458,4.1998,99.989,0.0
938.0,eclipse_low,0.0,2.458,4.1998,99.9885,0.0
939.0,eclipse_low,0.0,2.458,4.1998,99.9881,0.0
940.0,eclipse_low,0.0,2.458,4.1997,99.9876,0.0
941.0,eclipse_low,0.0,2.458,4.1997,99.9872,0.0
942.0,eclipse_low,0.0,2.458,4.1997,99.9867,0.0
943.0,eclipse_low,0.0,2.458,4.1997,99.9863,0.0
944.0,eclipse_low,0.0,2.458,4.1997,99.9859,0.0
945.0,eclipse_low,0.0,2.458,4.1997,99.9854,0.0
946.0,eclipse_low,0.0,2.458,4.1997,99.985,0.0
947.0,eclipse_low,0.0,2.458,4.1997,99.9845,0.0
948.0,eclipse_low,0.0,2.458,4.1997,99.9841,0.0
949.0,eclipse_low,0.0,2.458,4.1997,99.9837,0.0
